Amazon.it;;;;
5LLB-FS6Y9Q-GABG;Dominik 4.5;;;
9RWA-RWJ6ES-5BB3;Dominik 4.5;;;
ZHVT-UB7SWF-FQB3;Dominik 4.5;;;
CLZZ-HED538-NVB5;Dominik 4.5;;;
7MMZ-JT4SQ8-E5BJ;Dominik 4.5;;;
JLV3-FVFNFC-YGBU;Dominik 4.5;;;
A5G6-ZHRXBB-5GBU;Dominik 4.5;;;
DL94-7LCF5H-PYB3;;;nefunguje;
97HY-5L55ZP-ZNBW;Dominik 4.5;;;
LTW6-S5X6YA-EHBX;Dominik 4.5;;;
Z9LP-F7PUJZ-4BB9;Dominik 4.5;;;
R89B-726ML4-K2BV;Dominik 4.5;;;
KNT4-R7ZCTN-LPBH;Dominik 4.5;;;
DU6S-7R678Z-VBBB;Dominik 4.5;;;
X27N-4CLCEN-9CBU;Dominik 4.5;;;
XKYZ-KK2YW2-EFBY;Dominik 4.5;;;
7HUG-QGLLDT-WEBP;Dominik 4.5;;;
RHCX-HSUQ4V-QVB2;Dominik 4.5;;;
ERJ9-ZQGTE3-U9B3;Dominik 4.5;;;
F3TR-G53WDM-CVBV;Dominik 4.5;;;
AXYB-8NMR7Z-9WBJ;Dominik 4.5;;;
2X4P-4725HK-A3BJ;Dominik 4.5;;;
KKR8-PQ8WHW-ZSBP;Dominik 4.5;;;
BPQ6-U4DLMU-2JBH;Dominik 4.5;;;
4CUQ-GQG4S4-U5B3;;;nefunguje ;
X7F9-SRLYJ6-KCBV;Dominik 4.5;;;
BGSD-AJQ4QP-NSBD;Dominik 4.5;;;
MWR3-WBCYQN-QGBR;Dominik 4.5;;50 €;
MXJ3-XYUC8-22BJ;Dominik 18.5;;;
XWKV-9FE4VD-ABX;Dominik 18.5;;;
T9WZ-BTXL62-2TBB;Dominik 18.5;;;
C4V7-BVFKTN-TUBS;Dominik 18.5;;;
JYJL-2ASNTX-DRBV;Dominik 18.5;;;
NQYL-474ZAL-K6BM;Dominik 18.5;;;
PUJD-U94GQV-ABBS;Dominik 18.5;;;
Y6YT-N56G6D-JQBM;Dominik 18.5;;;
F3Z5-TSSRCQ-VKBN;Dominik 18.5;;;
FM6B-FQTH58-Q9B7;Dominik 18.5;;;
6VYX-NG939P-ZBB8;Dominik 18.5;;;
VB75-TMQD4J-7RBN;Dominik 18.5;;;
G5PT-Q8NB5M-K9BG;Dominik 18.5;;;
NL6P-75RE83-FWBL;Dominik 18.5;;;
QBX3-NDGPLX-5RB4;Dominik 18.5;;;
NGX4-NCQBQ3-6ABY;Dominik 18.5;;;
UMM3-XFY8FG-6PBQ;Dominik 18.5;;;
XY2Z-3B54MQ-WXBQ;Dominik 18.5;;;
DPWR-UWBHEB-XQBR;Dominik 18.5;;;
K8TV-5Q3JUG-98BS;Dominik 18.5;;;
8ZWW-7CUHH6-6CB9;Dominik 18.5;;;
KDB2-GB3V5B-PYBW;Dominik 18.5;;;
GMCF-N5QKD-E7BE;Dominik 18.5;;;
AQT5-CCZF6E-3KB9;Dominik 18.5;;;
HDVN-XNQB6M-Y3B6;Dominik 18.5;;;
DUTP-LJKSWD-E3BM;Dominik 18.5;;;
L8LA-DVH2HH-JTBD;Dominik 18.5;;;
EH2C-YTQV7X-78BG;Dominik 18.5;;;
G8DP-8CDTBG-J7BY;Dominik 18.5;;;
CBU9-WSAGL3-BCBF;Dominik 18.5;;;
2L7R-C7NBAF-MEBA;Dominik 18.5;;;
9W3S-VXJZHA-DLBH;Dominik 18.5;;;
HXDM-8GZ2B9-FPBJ;Dominik 18.5;;;
UXEK-BB2HG3-8YBA;Dominik 18.5;;;
HJPL-8WG7G2-R5BP;Dominik 18.5;;;
DRUR-AFBYU3-T8B3;Dominik 18.5;;;
RSSS-QDZ3U5-DNBG;Dominik 18.5;;;
UK3Y-HZ4TDG-Z9BC;Dominik 18.5;;;
AU3P-7HUJW3-YPBB;Dominik 18.5;;;
T7GP-Q9H7NP-GFBK;Dominik 18.5;;;
ECQG-J8CX9C-LLBN;Dominik 18.5;;;
G2KE-9QNQH3-XDB6;Dominik 18.5;;;
8J94-9FDXXC-M3BF;Dominik 18.5;;;
B8R4-ZFV8TW-QZBD;Dominik 18.5;;;
5LPX-3E5MF3-5MBS;Dominik 18.5;;;
TPK3-49F2NK-UDBE;Dominik 18.5;;;
5RWX-VPTDQC-VLBT;Dominik 18.5;;;
6H6Y-FMUFAJ-3FBS;Dominik 18.5;;;
4M64-RTEC5M-B3BX;Dominik 18.5;;;
F583-SQ82KU-NPBY;Dominik 18.5;;;
Q84S-3P97UL-HFBB;Dominik 18.5;;;
7R6U-AJ2RR9-FVBH;Dominik 18.5;;;
M5UY-PS2Z29-LZBF;Dominik 18.5;;;
ZZFH-PDUJWD-RLBK;Dominik 18.5;;;
V4UJ-NKN45Z-33BD;Dominik 18.5;;2650 €;159.99 €
J2DL-8AAAS3-8MBH;Dominik 27.5;;;
VFSK-EZL9BH-EPB2;Dominik 27.5;;;
JX9Y-C3Q3A6-JPB3;Dominik 27.5;;;
PQ7Y-8FM9KR-T5BR;Dominik 27.5;;;
ECG8-UJGQUG-6MBW;Dominik 27.5;;;
2TA3-GMW8FW-9VBX;Dominik 27.5;;;
UQBN-QN9FCT-B4BA;Dominik 27.5;;;
GQ6R-9222NV-JBBA;Dominik 27.5;;;
ATYX-LT6LFM-WVBU;Dominik 27.5;;;
ZKDL-BCRFW8-7LBD;Dominik 27.5;;;
2TSP-W5HRZ4-DUBN;Dominik 27.5;;;
CPE8-M3A7HN-7DBD;Dominik 27.5;;;
79YX-HQVM3X-7JBK;Dominik 27.5;;;
DV88-VPS4HG-TABE;Dominik 27.5;;;
FCUG-75DWGM-HQBE;Dominik 27.5;;;
856R-J5FU7L-CWB4;Dominik 27.5;;;
ZA5H-3NXXPM-NABX;Dominik 27.5;;;
3F8A-8ELL9C-43B5;Dominik 27.5;;;
J6US-RPRXM2-FXBU;Dominik 27.5;;;
SYBH-T8AZPU-BAB2;Dominik 27.5;;;
5YSX-BDHHYQ-5LBF;Dominik 27.5;;;
RWU3-6SAEJC-T8BQ;Dominik 27.5;;;
DZ79-Q3T22D-JQBF;Dominik 27.5;;;
3ZET-9YDCM7-EEB9;Dominik 27.5;;;
P6GJ-GEN9LQ-YTBP;Dominik 27.5;;;
HEHP-LPYDMQ-AYBA;Dominik 27.5;;;
M78F-77MTKR-M3B4;Dominik 27.5;;;
X3KC-ANAREL-HBBL;Dominik 27.5;;;
Z8JW-7URXN8-KPB2;Dominik 27.5;;;
4XVP-3D73YZ-J2BL;Dominik 27.5;;;
5AR3-LQEFVQ-Q3BZ;Dominik 27.5;;;
6334-LB8Y7D-VHBM;Dominik 27.5;;;
JFPK-7LUPTG-PVB3;Dominik 27.5;;;
P3R9-95JCF2-YKBL;Dominik 27.5;;;
SFAA-L7YNGD-AWBM;Dominik 27.5;;;
2RCC-5NGUZK-LHBE;Dominik 27.5;;;
RGRT-T2E73H-XRBZ;Dominik 27.5;;;
X9KZ-WM5PW6-34BB;Dominik 27.5;;;
ZMPD-H2LQQ8-YYBC;Dominik 27.5;;;
8V2P-YVZDGC-GBBD;Dominik 27.5;;;
A3HR-UUH8VV-STB3;Dominik 27.5;;;
CGV8-HGBZX6-R9B8;Dominik 27.5;;;
HQQY-YY73Y9-KBB4;Dominik 27.5;;;
PM55-ELB45X-QJBK;Dominik 27.5;;;
43EB-D4ZMTQ-EZB7;Dominik 27.5;;;
U5KF-M2M2UF-SHB3;Dominik 27.5;;;
WP4X-8QJ725-J4BS;Dominik 27.5;;;
T2QU-CN2GMM-LXBE;Dominik 27.5;;;
Z429-MJ9BNR-3XB2;Dominik 27.5;;;
3LD8-8PL8QY-LKBU;Dominik 27.5;;;
ABVS-R629YG-RWBZ;Dominik 27.5;;;
9QBB-R2MJWJ-4RBF;Dominik 27.5;;;
9593-ZYG7UC-WXB3;Dominik 27.5;;;
A2WE-3J53XB-VYBF;Dominik 27.5;;;
BSJV-Z72W39-G7B7;Dominik 27.5;;;
;;;;
;;;;
;;;;
;;;;
;;;;
;;;;
;;;;
;;;;
;;;;
;;;;
;;;;
;;;;
;;;;
;;;;
;;;;
;;;;
;;;;
;;;;
;;;;
;;;;
;;;;
;;;;
;;;;
;;;;
;;;;
;;;;
;;;;
;;;;
;;;;
;;;;
;;;;
;;;;
;;;;
;;;;
;;;;
;;;;
;;;;
;;;;
;;;;
;;;;
;;;;
;;;;
;;;;
;;;;
;;;;
;;;;
;;;;
;;;;
;;;;
;;;;
;;;;
;;;;
;;;;
;;;;
;;;;
;;;;
;;;;
;;;;
;;;;
;;;;
;;;;
;;;;
;;;;
;;;;
;;;;
;;;;
;;;;
;;;;
;;;;
;;;;
;;;;
;;;;
;;;;
;;;;
;;;;
;;;;
;;;;
;;;;
;;;;
;;;;
;;;;
;;;;
;;;;
;;;;
;;;;
;;;;
;;;;
;;;;
;;;;
;;;;
;;;;
;;;;
;;;;
;;;;
;;;;
;;;;
;;;;
;;;;
;;;;
;;;;
;;;;
;;;;
;;;;
;;;;
;;;;
;;;;
;;;;
;;;;
;;;;
;;;;
;;;;
;;;;
;;;;
;;;;
;;;;
;;;;
;;;;
;;;;
;;;;
;;;;
;;;;
;;;;
;;;;
;;;;
;;;;
;;;;
;;;;
;;;;
;;;;
;;;;
;;;;
;;;;
;;;;
;;;;
;;;;
;;;;
;;;;
;;;;
;;;;
;;;;
;;;;
;;;;
;;;;
;;;;
;;;;
;;;;
;;;;
;;;;
;;;;
;;;;
;;;;
;;;;
;;;;
;;;;
;;;;
;;;;
;;;;
;;;;
;;;;
;;;;
;;;;
;;;;
;;;;
;;;;
;;;;
;;;;
;;;;
;;;;
;;;;
;;;;
;;;;
;;;;
;;;;
;;;;
;;;;
;;;;
;;;;
;;;;
;;;;
;;;;
;;;;
;;;;
;;;;
;;;;
;;;;
;;;;
;;;;
;;;;
;;;;
;;;;
;;;;
;;;;
;;;;
;;;;
;;;;
;;;;
;;;;
;;;;
;;;;
;;;;
;;;;
;;;;
;;;;
;;;;
;;;;
;;;;
;;;;
;;;;
;;;;
;;;;
;;;;
;;;;
;;;;
;;;;
;;;;
;;;;
;;;;
;;;;
;;;;
;;;;
;;;;
;;;;
;;;;
;;;;
;;;;
;;;;
;;;;
;;;;
;;;;
;;;;
;;;;
;;;;
;;;;
;;;;
;;;;
;;;;
;;;;
;;;;
;;;;
;;;;
;;;;
;;;;
;;;;
;;;;
;;;;
;;;;
;;;;
;;;;
;;;;
;;;;
;;;;
;;;;
;;;;
;;;;
;;;;
;;;;
;;;;
;;;;
;;;;
;;;;
;;;;
;;;;
;;;;
;;;;
;;;;
;;;;
;;;;
;;;;
;;;;
;;;;
;;;;
;;;;
;;;;
;;;;
;;;;
;;;;
;;;;
;;;;
;;;;
;;;;
;;;;
;;;;
;;;;
;;;;
;;;;
;;;;
;;;;
;;;;
;;;;
;;;;
;;;;
;;;;
;;;;
;;;;
;;;;
;;;;
;;;;
;;;;
;;;;
;;;;
;;;;
;;;;
;;;;
;;;;
;;;;
;;;;
;;;;
;;;;
;;;;
;;;;
;;;;
;;;;
;;;;
;;;;
;;;;
;;;;
;;;;
;;;;
;;;;
;;;;
;;;;
;;;;
;;;;
;;;;
;;;;
;;;;
;;;;
;;;;
;;;;
;;;;
;;;;
;;;;
;;;;
;;;;
;;;;
;;;;
;;;;
;;;;
;;;;
;;;;
;;;;
;;;;
;;;;
;;;;
;;;;
;;;;
;;;;
;;;;
;;;;
;;;;
;;;;
;;;;
;;;;
;;;;
;;;;
;;;;
;;;;
;;;;
;;;;
;;;;
;;;;
;;;;
;;;;
;;;;
;;;;
;;;;
;;;;
;;;;
;;;;
;;;;
;;;;
;;;;
;;;;
;;;;
;;;;
;;;;
;;;;
;;;;
;;;;
;;;;
;;;;
;;;;
;;;;
;;;;
;;;;
;;;;
;;;;
;;;;
;;;;
;;;;
;;;;
;;;;
;;;;
;;;;
;;;;
;;;;
;;;;
;;;;
;;;;
;;;;
;;;;
;;;;
;;;;
;;;;
;;;;
;;;;
;;;;
;;;;
;;;;
;;;;
;;;;
;;;;
;;;;
;;;;
;;;;
;;;;
;;;;
;;;;
;;;;
;;;;
;;;;
;;;;
;;;;
;;;;
;;;;
;;;;
;;;;
;;;;
;;;;
;;;;
;;;;
;;;;
;;;;
;;;;
;;;;
;;;;
;;;;
;;;;
;;;;
;;;;
;;;;
;;;;
;;;;
;;;;
;;;;
;;;;
;;;;
;;;;
;;;;
;;;;
;;;;
;;;;
;;;;
;;;;
;;;;
;;;;
;;;;
;;;;
;;;;
;;;;
;;;;
;;;;
;;;;
;;;;
;;;;
;;;;
;;;;
;;;;
;;;;
;;;;
;;;;
;;;;
;;;;
;;;;
;;;;
;;;;
;;;;
;;;;
;;;;
;;;;
;;;;
;;;;
;;;;
;;;;
;;;;
;;;;
;;;;
;;;;
;;;;
;;;;
;;;;
;;;;
;;;;
;;;;
;;;;
;;;;
;;;;
;;;;
;;;;
;;;;
;;;;
;;;;
;;;;
;;;;
;;;;
;;;;
;;;;
;;;;
;;;;
;;;;
;;;;
;;;;
;;;;
;;;;
;;;;
;;;;
;;;;
;;;;
;;;;
;;;;
;;;;
;;;;
;;;;
;;;;
;;;;
;;;;
;;;;
;;;;
;;;;
;;;;
;;;;
;;;;
;;;;
;;;;
;;;;
;;;;
;;;;
;;;;
;;;;
;;;;
;;;;
;;;;
;;;;
;;;;
;;;;
;;;;
;;;;
;;;;
;;;;
;;;;
;;;;
;;;;
;;;;
;;;;
;;;;
;;;;
;;;;
;;;;
;;;;
;;;;
;;;;
;;;;
;;;;
;;;;
;;;;
;;;;
;;;;
;;;;
;;;;
;;;;
;;;;
;;;;
;;;;
;;;;
;;;;
;;;;
;;;;
;;;;
;;;;
;;;;
;;;;
;;;;
;;;;
;;;;
;;;;
;;;;
;;;;
;;;;
;;;;
;;;;
;;;;
;;;;
;;;;
;;;;
;;;;
;;;;
;;;;
;;;;
;;;;
;;;;
;;;;
;;;;
;;;;
;;;;
;;;;
;;;;
;;;;
;;;;
;;;;
;;;;
;;;;
;;;;
;;;;
;;;;
;;;;
;;;;
;;;;
;;;;
;;;;
;;;;
;;;;
;;;;
;;;;
;;;;
;;;;
;;;;
;;;;
;;;;
;;;;
;;;;
;;;;
;;;;
;;;;
;;;;
;;;;
;;;;
;;;;
;;;;
;;;;
;;;;
;;;;
;;;;
;;;;
;;;;
;;;;
;;;;
;;;;
;;;;
;;;;
;;;;
;;;;
;;;;
;;;;
;;;;
;;;;
;;;;
;;;;
;;;;
;;;;
;;;;
;;;;
;;;;
;;;;
;;;;
;;;;
;;;;
;;;;
;;;;
;;;;
;;;;
;;;;
;;;;
;;;;
;;;;
;;;;
;;;;
;;;;
;;;;
;;;;
;;;;
;;;;
;;;;
;;;;
;;;;
;;;;
;;;;
;;;;
;;;;
;;;;
;;;;
;;;;
;;;;
;;;;
;;;;
;;;;
;;;;
;;;;
;;;;
;;;;
;;;;
;;;;
;;;;
;;;;
;;;;
;;;;
;;;;
;;;;
;;;;
;;;;
;;;;
;;;;
;;;;
;;;;
;;;;
;;;;
;;;;
;;;;
;;;;
;;;;
;;;;
;;;;
;;;;
;;;;
;;;;
;;;;
;;;;
;;;;
;;;;
;;;;
;;;;
;;;;
;;;;
;;;;
;;;;
;;;;
;;;;
;;;;
;;;;
;;;;
;;;;
;;;;
;;;;
;;;;
;;;;
;;;;
;;;;
;;;;
;;;;
;;;;
;;;;
;;;;
;;;;
;;;;
;;;;
;;;;
;;;;
;;;;
;;;;
;;;;
;;;;
;;;;
;;;;
;;;;
;;;;
;;;;
;;;;
;;;;
;;;;
;;;;
;;;;
;;;;
;;;;
;;;;
;;;;
;;;;
;;;;
;;;;
;;;;
;;;;
;;;;
;;;;
;;;;
;;;;
;;;;
;;;;
;;;;
;;;;
;;;;
;;;;
;;;;
;;;;
;;;;
;;;;
;;;;
;;;;
;;;;
;;;;
;;;;
;;;;
;;;;
;;;;
;;;;
;;;;
;;;;
;;;;
;;;;
;;;;
;;;;
;;;;
;;;;
;;;;
;;;;
;;;;
;;;;
;;;;
;;;;
;;;;
;;;;
;;;;
;;;;
;;;;
;;;;
;;;;
;;;;
;;;;
;;;;
;;;;
;;;;
;;;;
;;;;
;;;;
;;;;
;;;;
;;;;
;;;;
;;;;
;;;;
;;;;
;;;;
;;;;
;;;;
;;;;
;;;;
;;;;
;;;;
;;;;
;;;;
;;;;
;;;;
;;;;
;;;;
;;;;
;;;;
;;;;
;;;;
;;;;
;;;;
;;;;
;;;;
;;;;
;;;;
